Workbook

Sheet README
A1: DORA Implementation Toolkit — Combined Workbook
A3: Purpose | B3: Self-assessment and register workbook aligned to Regulation (EU) 2022/2554 (DORA) and its RTS/ITS.
A4: How to use | B4: 1) Fill the Maturity scoring tab (current_score 0-5). 2) Complete the three registers. 3) The Dashboard updates automatically.
A5: Scoring | B5: 0 = not started, 1 = initial, 2 = developing, 3 = defined (target), 4 = managed, 5 = optimised.
A6: RAG logic | B6: Green = avg >= target AND no legal fails; Amber = avg >= 2 or minor gaps; Red = avg < 2 or any legal item failed.
A7: Legal items | B7: Rows marked "Yes" in legal_duty carry a regulatory obligation — treat a fail here as a compliance gap, not just maturity.
A8: Live version | B8: An interactive HTML version is published at the GitHub Pages URL in the repo README.
A9: Disclaimer | B9: This toolkit is implementation guidance, not legal advice. Validate against EUR-Lex and CSSF requirements for your firm.
A10: Sources | B10: DORA 2022/2554; Reporting RTS 2025/301; Reporting ITS 2025/302; Register ITS 2024/2956. See docs/regulatory-references.md.

Sheet Dashboard
A1: DORA Readiness Dashboard
A2: Auto-calculated from the Maturity scoring tab. Fill scores there; this updates automatically.
A4: Pillar | B4: Controls | C4: Scored | D4: Avg score (0-5) | E4: Below target | F4: Legal fails | G4: RAG
A5: 0 Governance | B5: =COUNTIF('Maturity scoring'!$B$2:$B$49,"0 Governance") | C5: =COUNTIFS('Maturity scoring'!$B$2:$B$49,"0 Governance",'Maturity scoring'!$E$2:$E$49,"<>") | D5: =IFERROR(ROUND(AVERAGEIFS('Maturity scoring'!$E$2:$E$49,'Maturity scoring'!$B$2:$B$49,"0 Governance",'Maturity scoring'!$E$2:$E$49,"<>"),2),"-") | E5: =SUMPRODUCT(('Maturity scoring'!$B$2:$B$49="0 Governance")*('Maturity scoring'!$E$2:$E$49<>"")*('Maturity scoring'!$E$2:$E$49<'Maturity scoring'!$F$2:$F$49)) | F5: =SUMPRODUCT(('Maturity scoring'!$B$2:$B$49="0 Governance")*(LEFT('Maturity scoring'!$D$2:$D$49,3)="Yes")*('Maturity scoring'!$E$2:$E$49<>"")*(('Maturity scoring'!$E$2:$E$49<'Maturity scoring'!$F$2:$F$49)+('Maturity scoring'!$H$2:$H$49="No")>0)) | G5: =IF(C5=0,"—",IF(OR(F5>0,D5<2),"Red",IF(E5>0,"Amber","Green")))
A6: 1 ICT risk | B6: =COUNTIF('Maturity scoring'!$B$2:$B$49,"1 ICT risk") | C6: =COUNTIFS('Maturity scoring'!$B$2:$B$49,"1 ICT risk",'Maturity scoring'!$E$2:$E$49,"<>") | D6: =IFERROR(ROUND(AVERAGEIFS('Maturity scoring'!$E$2:$E$49,'Maturity scoring'!$B$2:$B$49,"1 ICT risk",'Maturity scoring'!$E$2:$E$49,"<>"),2),"-") | E6: =SUMPRODUCT(('Maturity scoring'!$B$2:$B$49="1 ICT risk")*('Maturity scoring'!$E$2:$E$49<>"")*('Maturity scoring'!$E$2:$E$49<'Maturity scoring'!$F$2:$F$49)) | F6: =SUMPRODUCT(('Maturity scoring'!$B$2:$B$49="1 ICT risk")*(LEFT('Maturity scoring'!$D$2:$D$49,3)="Yes")*('Maturity scoring'!$E$2:$E$49<>"")*(('Maturity scoring'!$E$2:$E$49<'Maturity scoring'!$F$2:$F$49)+('Maturity scoring'!$H$2:$H$49="No")>0)) | G6: =IF(C6=0,"—",IF(OR(F6>0,D6<2),"Red",IF(E6>0,"Amber","Green")))
A7: 2 Incident | B7: =COUNTIF('Maturity scoring'!$B$2:$B$49,"2 Incident") | C7: =COUNTIFS('Maturity scoring'!$B$2:$B$49,"2 Incident",'Maturity scoring'!$E$2:$E$49,"<>") | D7: =IFERROR(ROUND(AVERAGEIFS('Maturity scoring'!$E$2:$E$49,'Maturity scoring'!$B$2:$B$49,"2 Incident",'Maturity scoring'!$E$2:$E$49,"<>"),2),"-") | E7: =SUMPRODUCT(('Maturity scoring'!$B$2:$B$49="2 Incident")*('Maturity scoring'!$E$2:$E$49<>"")*('Maturity scoring'!$E$2:$E$49<'Maturity scoring'!$F$2:$F$49)) | F7: =SUMPRODUCT(('Maturity scoring'!$B$2:$B$49="2 Incident")*(LEFT('Maturity scoring'!$D$2:$D$49,3)="Yes")*('Maturity scoring'!$E$2:$E$49<>"")*(('Maturity scoring'!$E$2:$E$49<'Maturity scoring'!$F$2:$F$49)+('Maturity scoring'!$H$2:$H$49="No")>0)) | G7: =IF(C7=0,"—",IF(OR(F7>0,D7<2),"Red",IF(E7>0,"Amber","Green")))
A8: 3 Testing | B8: =COUNTIF('Maturity scoring'!$B$2:$B$49,"3 Testing") | C8: =COUNTIFS('Maturity scoring'!$B$2:$B$49,"3 Testing",'Maturity scoring'!$E$2:$E$49,"<>") | D8: =IFERROR(ROUND(AVERAGEIFS('Maturity scoring'!$E$2:$E$49,'Maturity scoring'!$B$2:$B$49,"3 Testing",'Maturity scoring'!$E$2:$E$49,"<>"),2),"-") | E8: =SUMPRODUCT(('Maturity scoring'!$B$2:$B$49="3 Testing")*('Maturity scoring'!$E$2:$E$49<>"")*('Maturity scoring'!$E$2:$E$49<'Maturity scoring'!$F$2:$F$49)) | F8: =SUMPRODUCT(('Maturity scoring'!$B$2:$B$49="3 Testing")*(LEFT('Maturity scoring'!$D$2:$D$49,3)="Yes")*('Maturity scoring'!$E$2:$E$49<>"")*(('Maturity scoring'!$E$2:$E$49<'Maturity scoring'!$F$2:$F$49)+('Maturity scoring'!$H$2:$H$49="No")>0)) | G8: =IF(C8=0,"—",IF(OR(F8>0,D8<2),"Red",IF(E8>0,"Amber","Green")))
A9: 4 Third-party | B9: =COUNTIF('Maturity scoring'!$B$2:$B$49,"4 Third-party") | C9: =COUNTIFS('Maturity scoring'!$B$2:$B$49,"4 Third-party",'Maturity scoring'!$E$2:$E$49,"<>") | D9: =IFERROR(ROUND(AVERAGEIFS('Maturity scoring'!$E$2:$E$49,'Maturity scoring'!$B$2:$B$49,"4 Third-party",'Maturity scoring'!$E$2:$E$49,"<>"),2),"-") | E9: =SUMPRODUCT(('Maturity scoring'!$B$2:$B$49="4 Third-party")*('Maturity scoring'!$E$2:$E$49<>"")*('Maturity scoring'!$E$2:$E$49<'Maturity scoring'!$F$2:$F$49)) | F9: =SUMPRODUCT(('Maturity scoring'!$B$2:$B$49="4 Third-party")*(LEFT('Maturity scoring'!$D$2:$D$49,3)="Yes")*('Maturity scoring'!$E$2:$E$49<>"")*(('Maturity scoring'!$E$2:$E$49<'Maturity scoring'!$F$2:$F$49)+('Maturity scoring'!$H$2:$H$49="No")>0)) | G9: =IF(C9=0,"—",IF(OR(F9>0,D9<2),"Red",IF(E9>0,"Amber","Green")))
A10: 5 Info sharing | B10: =COUNTIF('Maturity scoring'!$B$2:$B$49,"5 Info sharing") | C10: =COUNTIFS('Maturity scoring'!$B$2:$B$49,"5 Info sharing",'Maturity scoring'!$E$2:$E$49,"<>") | D10: =IFERROR(ROUND(AVERAGEIFS('Maturity scoring'!$E$2:$E$49,'Maturity scoring'!$B$2:$B$49,"5 Info sharing",'Maturity scoring'!$E$2:$E$49,"<>"),2),"-") | E10: =SUMPRODUCT(('Maturity scoring'!$B$2:$B$49="5 Info sharing")*('Maturity scoring'!$E$2:$E$49<>"")*('Maturity scoring'!$E$2:$E$49<'Maturity scoring'!$F$2:$F$49)) | F10: =SUMPRODUCT(('Maturity scoring'!$B$2:$B$49="5 Info sharing")*(LEFT('Maturity scoring'!$D$2:$D$49,3)="Yes")*('Maturity scoring'!$E$2:$E$49<>"")*(('Maturity scoring'!$E$2:$E$49<'Maturity scoring'!$F$2:$F$49)+('Maturity scoring'!$H$2:$H$49="No")>0)) | G10: =IF(C10=0,"—",IF(OR(F10>0,D10<2),"Red",IF(E10>0,"Amber","Green")))
A11: OVERALL | B11: =COUNTA('Maturity scoring'!$A$2:$A$49) | C11: =COUNTIF('Maturity scoring'!$E$2:$E$49,"<>") | D11: =IFERROR(ROUND(AVERAGEIF('Maturity scoring'!$E$2:$E$49,"<>",'Maturity scoring'!$E$2:$E$49),2),"-") | E11: =SUM(E5:E10) | F11: =SUM(F5:F10) | G11: =IF(C11=0,"—",IF(OR(F11>0,D11<2),"Red",IF(E11>0,"Amber","Green")))

Sheet Maturity scoring
A1: control_id | B1: pillar | C1: control_name | D1: legal_duty | E1: current_score_0_5 | F1: target_score | G1: evidence_reference | H1: legal_item_passed | I1: gap_below_3 | J1: priority | K1: root_cause | L1: fix_action | M1: owner | N1: due_date | O1: recheck_date
A2: GOV-01 | B2: 0 Governance | C2: Framework approved and reviewed | D2: Yes (board approval) | F2: 3 | I2: =IF(E2="","",IF(E2<3,"Yes","No")) | J2: =IF(E2="","",IF(AND(LEFT(D2,3)="Yes",OR(E2<F2,H2="No")),"P1 legal",IF(E2<F2,"P2 gap","OK")))
A3: GOV-02 | B3: 0 Governance | C3: Roles and accountability | D3: No | F3: 3 | I3: =IF(E3="","",IF(E3<3,"Yes","No")) | J3: =IF(E3="","",IF(AND(LEFT(D3,3)="Yes",OR(E3<F3,H3="No")),"P1 legal",IF(E3<F3,"P2 gap","OK")))
A4: GOV-03 | B4: 0 Governance | C4: Board oversight | D4: No | F4: 3 | I4: =IF(E4="","",IF(E4<3,"Yes","No")) | J4: =IF(E4="","",IF(AND(LEFT(D4,3)="Yes",OR(E4<F4,H4="No")),"P1 legal",IF(E4<F4,"P2 gap","OK")))
A5: GOV-04 | B5: 0 Governance | C5: Board training | D5: No | F5: 3 | I5: =IF(E5="","",IF(E5<3,"Yes","No")) | J5: =IF(E5="","",IF(AND(LEFT(D5,3)="Yes",OR(E5<F5,H5="No")),"P1 legal",IF(E5<F5,"P2 gap","OK")))
A6: GOV-05 | B6: 0 Governance | C6: Resilience budget | D6: No | F6: 3 | I6: =IF(E6="","",IF(E6<3,"Yes","No")) | J6: =IF(E6="","",IF(AND(LEFT(D6,3)="Yes",OR(E6<F6,H6="No")),"P1 legal",IF(E6<F6,"P2 gap","OK")))
A7: GOV-06 | B7: 0 Governance | C7: Proportionality assessed | D7: No | F7: 3 | I7: =IF(E7="","",IF(E7<3,"Yes","No")) | J7: =IF(E7="","",IF(AND(LEFT(D7,3)="Yes",OR(E7<F7,H7="No")),"P1 legal",IF(E7<F7,"P2 gap","OK")))
A8: GOV-07 | B8: 0 Governance | C8: Three lines and audit | D8: No | F8: 3 | I8: =IF(E8="","",IF(E8<3,"Yes","No")) | J8: =IF(E8="","",IF(AND(LEFT(D8,3)="Yes",OR(E8<F8,H8="No")),"P1 legal",IF(E8<F8,"P2 gap","OK")))
A9: RM-01 | B9: 1 ICT risk | C9: Resilience strategy | D9: No | F9: 3 | I9: =IF(E9="","",IF(E9<3,"Yes","No")) | J9: =IF(E9="","",IF(AND(LEFT(D9,3)="Yes",OR(E9<F9,H9="No")),"P1 legal",IF(E9<F9,"P2 gap","OK")))
A10: RM-02 | B10: 1 ICT risk | C10: Asset and dependency inventory | D10: No | F10: 3 | I10: =IF(E10="","",IF(E10<3,"Yes","No")) | J10: =IF(E10="","",IF(AND(LEFT(D10,3)="Yes",OR(E10<F10,H10="No")),"P1 legal",IF(E10<F10,"P2 gap","OK")))
A11: RM-03 | B11: 1 ICT risk | C11: Risk assessment | D11: No | F11: 3 | I11: =IF(E11="","",IF(E11<3,"Yes","No")) | J11: =IF(E11="","",IF(AND(LEFT(D11,3)="Yes",OR(E11<F11,H11="No")),"P1 legal",IF(E11<F11,"P2 gap","OK")))
A12: RM-04 | B12: 1 ICT risk | C12: Information security controls | D12: No | F12: 3 | I12: =IF(E12="","",IF(E12<3,"Yes","No")) | J12: =IF(E12="","",IF(AND(LEFT(D12,3)="Yes",OR(E12<F12,H12="No")),"P1 legal",IF(E12<F12,"P2 gap","OK")))
A13: RM-05 | B13: 1 ICT risk | C13: Detection | D13: No | F13: 3 | I13: =IF(E13="","",IF(E13<3,"Yes","No")) | J13: =IF(E13="","",IF(AND(LEFT(D13,3)="Yes",OR(E13<F13,H13="No")),"P1 legal",IF(E13<F13,"P2 gap","OK")))
... A49: ISH-05 | B49: 5 Info sharing | C49: Intelligence used | D49: No | F49: 3 | I49: =IF(E49="","",IF(E49<3,"Yes","No")) | J49: =IF(E49="","",IF(AND(LEFT(D49,3)="Yes",OR(E49<F49,H49="No")),"P1 legal",IF(E49<F49,"P2 gap","OK")))

Sheet Asset register
A1: asset_id | B1: asset_name | C1: asset_type | D1: business_function_supported | E1: critical_or_important | F1: owner | G1: hosting_location | H1: third_party_provider | I1: dependencies | J1: confidentiality | K1: integrity | L1: availability | M1: rto | N1: rpo | O1: last_backup_test | P1: last_restore_test | Q1: notes
A2: AST-001 | B2: Core payments application | C2: application | D2: Process customer payments | E2: Critical | F2: CTO | G2: CloudProvider Ltd (IE) | H2: CloudProvider Ltd (IE) | I2: Payments DB; KYC API | J2: High | K2: High | L2: High | M2: 2h | N2: 15m | O2: 2025-11-10 | P2: 2025-11-12 | Q2: Behind critical function; segregated backups
A3: AST-002 | B3: Payments database | C3: database | D3: Process customer payments | E3: Critical | F3: Head of Infrastructure | G3: CloudProvider Ltd (IE) | H3: CloudProvider Ltd (IE) | I3: Core payments application | J3: High | K3: High | L3: High | M3: 2h | N3: 15m | O3: 2025-11-10 | P3: 2025-11-12 | Q3: Encrypted at rest; PITR enabled
A4: AST-003 | B4: KYC / identity API | C4: external service | D4: Client onboarding | E4: Important | F4: Head of Compliance | G4: SaaS KYC Ltd (FR) | H4: SaaS KYC Ltd (FR) | I4: Core payments application | J4: High | K4: High | L4: Medium | M4: 4h | N4: 1h | O4: N/A | P4: N/A | Q4: SOC 2 relied on; no direct audit
A5: AST-004 | B5: Customer web portal | C5: application | D5: Client self-service | E5: Important | F5: Head of Engineering | G5: CloudProvider Ltd (IE) | H5: CloudProvider Ltd (IE) | I5: Core payments app; Auth service | J5: Medium | K5: High | L5: High | M5: 4h | N5: 1h | O5: 2025-10-01 | P5: 2025-10-03 | Q5: Public-facing; WAF in front
A6: AST-005 | B6: Identity / auth service | C6: application | D6: Access management | E6: Critical | F6: CISO | G6: CloudProvider Ltd (IE) | H6: CloudProvider Ltd (IE) | I6: Directory; portal; core app | J6: High | K6: High | L6: High | M6: 2h | N6: 15m | O6: 2025-11-10 | P6: 2025-11-12 | Q6: MFA enforced
A7: AST-006 | B7: Backup / DR environment | C7: infrastructure | D7: DR for core payments | E7: Critical | F7: Head of Infrastructure | G7: DataCentre Group (NL) | H7: DataCentre Group (NL) | I7: Core payments DB | J7: High | K7: High | L7: High | M7: 4h | N7: 1h | O7: 2025-09-15 | P7: 2025-09-15 | Q7: Segregated; partial live failover tested
A8: AST-007 | B8: Transactional email service | C8: external service | D8: Client notifications | E8: No | F8: Head of Engineering | G8: MailSend Inc (US) | H8: MailSend Inc (US) | I8: Customer portal | J8: Low | K8: Medium | L8: Medium | M8: 24h | N8: 24h | O8: N/A | P8: N/A | Q8: Non-critical; US data location noted
A9: AST-008 | B9: SIEM / logging platform | C9: security tooling | D9: Detection and monitoring | E9: Important | F9: CISO | G9: Self-hosted (NL) | H9: None (self-hosted) | I9: All critical systems | J9: Medium | K9: High | L9: High | M9: 8h | N9: 1h | O9: 2025-08-01 | P9: 2025-08-01 | Q9: Alerts on critical systems

Sheet Third-party register
A1: arrangement_id | B1: provider_legal_name | C1: provider_lei | D1: provider_country | E1: service_description | F1: service_type | G1: supports_critical_or_important_function | H1: functions_supported | I1: contract_start | J1: contract_end | K1: notice_period | L1: data_locations | M1: sub_outsourcing | N1: substitutability | O1: concentration_flag | P1: audit_access_rights_secured | Q1: tlpt_cooperation_clause | R1: exit_strategy_documented | S1: exit_strategy_tested | T1: ctpp_designated | U1: risk_rating | V1: contract_owner | W1: last_due_diligence | X1: last_review
A2: TPA-001 | B2: CloudProvider Ltd | C2: 529900XXXXXXXXXXXX01 | D2: IE | E2: Core payments platform hosting (IaaS) | F2: cloud | G2: Yes | H2: Core payments | I2: 2024-01-01 | J2: 2026-12-31 | K2: 90 days | L2: IE, DE | M2: Yes; CDN sub-processor (US) | N2: Not substitutable | O2: Yes | P2: Yes (DORA addendum) | Q2: Yes | R2: Yes | S2: 2025-11 (tabletop) | T2: Unknown | U2: Critical | V2: CTO | W2: 2024-11-15 | X2: 2025-06-01
A3: TPA-002 | B3: SaaS KYC Ltd | C3: 529900XXXXXXXXXXXX02 | D3: FR | E3: Identity verification / KYC API | F3: software | G3: Yes | H3: Client onboarding | I3: 2024-03-01 | J3: 2025-03-01 | K3: 60 days | L3: FR | M3: No | N3: Difficult | O3: No | P3: Partial (SOC 2 only) | Q3: Yes | R3: Yes | S3: No | T3: No | U3: High | V3: Head of Compliance | W3: 2024-02-20 | X3: 2025-02-15
A4: TPA-003 | B4: MailSend Inc | C4: 529900XXXXXXXXXXXX03 | D4: US | E4: Transactional email delivery | F4: software | G4: No | H4: Client notifications | I4: 2023-06-01 | J4: 2025-06-01 | K4: 30 days | L4: US | M4: No | N4: Easy | O4: No | P4: No | Q4: N/A | R4: No | S4: N/A | T4: No | U4: Low | V4: Head of Engineering | W4: 2024-05-10 | X4: 2025-05-01
A5: TPA-004 | B5: DataCentre Group | C5: 529900XXXXXXXXXXXX04 | D5: NL | E5: Backup / disaster-recovery colocation | F5: data centre | G5: Yes | H5: DR for core payments | I5: 2024-01-01 | J5: 2027-01-01 | K5: 180 days | L5: NL | M5: No | N5: Difficult | O5: No | P5: Yes | Q5: Yes | R5: Yes | S5: 2025-09 (partial live) | T5: No | U5: Critical | V5: Head of Infrastructure | W5: 2024-12-01 | X5: 2025-06-01
A6: TPA-005 | B6: IntraGroup Tech BV | C6: 529900XXXXXXXXXXXX05 | D6: NL | E6: Shared internal ICT services (intra-group) | F6: managed service | G6: Yes | H6: Shared platform services | I6: 2024-01-01 | J6: 2026-01-01 | K6: 90 days | L6: NL | M6: No | N6: Difficult | O6: Yes | P6: Yes | Q6: Yes | R6: Yes | S6: No | T6: No | U6: High | V6: COO | W6: 2024-10-01 | X6: 2025-06-01

Sheet Policy register
A1: policy_id | B1: policy_name | C1: dora_pillar | D1: dora_articles | E1: owner | F1: approver | G1: approved_date | H1: last_review | I1: next_review | J1: status | K1: linked_controls | L1: evidence_location
A2: POL-01 | B2: ICT Risk Management Framework | C2: 1 | D2: Art. 6 | E2: CISO | F2: Board | G2: 2025-01-15 | H2: 2025-01-15 | I2: 2026-01-15 | J2: Approved | K2: RM-01;RM-04 | L2: /governance/framework
A3: POL-02 | B3: Information Security Policy | C3: 1 | D3: Art. 9 | E3: CISO | F3: ExCo | G3: 2025-02-01 | H3: 2025-02-01 | I3: 2026-02-01 | J3: Approved | K3: RM-04 | L3: /security/infosec-policy
A4: POL-03 | B4: Business Continuity and DR Policy | C4: 1 | D4: Art. 11-12 | E4: Head of Infrastructure | F4: ExCo | G4: 2025-02-10 | H4: 2025-02-10 | I4: 2026-02-10 | J4: Approved | K4: RM-06;RM-07 | L4: /continuity
A5: POL-04 | B5: Backup Policy | C5: 1 | D5: Art. 12 | E5: Head of Infrastructure | F5: CISO | G5: 2025-02-10 | H5: 2025-02-10 | I5: 2026-02-10 | J5: Approved | K5: RM-07 | L5: /continuity/backup
A6: POL-05 | B6: ICT Incident Management and Reporting Policy | C6: 2 | D6: Art. 17-23 | E6: Incident Manager | F6: ExCo | G6: 2025-03-01 | H6: 2025-03-01 | I6: 2026-03-01 | J6: Approved | K6: INC-01;INC-04 | L6: /incident
A7: POL-06 | B7: Resilience Testing Policy | C7: 3 | D7: Art. 24-27 | E7: CISO | F7: ExCo | G7: 2025-03-15 | H7: 2025-03-15 | I7: 2026-03-15 | J7: Approved | K7: TST-01;TST-05 | L7: /testing
A8: POL-07 | B8: ICT Third-Party Risk Policy | C8: 4 | D8: Art. 28-30 | E8: Head of Third-Party Risk | F8: Board | G8: 2025-04-01 | H8: 2025-04-01 | I8: 2026-04-01 | J8: Approved | K8: TPP-01;TPP-04 | L8: /third-party
A9: POL-08 | B9: Information Sharing Policy | C9: 5 | D9: Art. 45 | E9: CISO | F9: ExCo | J9: Draft | K9: ISH-01;ISH-03 | L9: /info-sharing
A10: POL-09 | B10: Proportionality Assessment | C10: 0 | D10: Art. 4;16 | E10: Head of Compliance | F10: Board | G10: 2025-01-10 | H10: 2025-01-10 | I10: 2026-01-10 | J10: Approved | K10: GOV-06 | L10: /governance/proportionality
